{
  "url_length": 0.017866,
  "num_dots": 0.310101,
  "num_hyphens": 0.006713,
  "num_underscores": 0.014125,
  "num_slashes": 0.007761,
  "num_at_signs": 0.005091,
  "num_digits": 0.008404,
  "digit_ratio": 0.006552,
  "has_ip_address": 0.016555,
  "url_entropy": 0.00375,
  "has_double_slash": 0.009141,
  "has_hex_encoding": 0.008014,
  "suspicious_tld": 0.012763,
  "num_subdomains": 0.054493,
  "path_depth": 0.122787,
  "query_length": 0.009761,
  "fragment_length": 0.002286,
  "has_port": 0.001276,
  "domain_length": 0.010876,
  "is_url_shortened": 0.003653,
  "has_base64_like": 0.007364,
  "num_redirects": 0.005682,
  "min_brand_distance": 0.013987,
  "is_brand_impersonation": 0.008241,
  "phishing_keyword_count": 0.016469,
  "has_phishing_keyword": 0.014144,
  "brand_in_path": 0.004469,
  "domain_entropy": 0.005049,
  "vowel_ratio": 0.00457,
  "max_digit_run": 0.006029,
  "https_in_domain": 0.0,
  "tld_in_subdomain": 0.013352,
  "domain_hyphens": 0.009309,
  "has_malicious_ext": 0.008645,
  "path_entropy": 0.009522,
  "special_char_ratio": 0.007348,
  "query_param_count": 0.002534,
  "token_count": 0.011296,
  "avg_token_length": 0.018099,
  "longest_token_length": 0.005071,
  "numeric_token_ratio": 0.009446,
  "double_extension": 0.0,
  "ext_risk_score": 0.030188,
  "subdomain_entropy": 0.019613,
  "query_key_entropy": 0.012749,
  "has_non_ascii": 0.007324,
  "consecutive_consonants": 0.019532,
  "punycode_in_url": 0.002379,
  "url_depth_score": 0.078199,
  "domain_digit_ratio": 0.007009,
  "has_tld_abuse": 0.008293,
  "single_char_subdomains": 0.00212,
  "domain_age_days": 0.0,
  "has_mx_record": 0.0
}